year,age,population,quality
1999,0,771223,e
1999,1,788905,e
1999,2,814425,e
1999,3,799778,e
1999,4,773303,e
1999,5,782784,e
1999,6,814607,e
1999,7,833793,e
1999,8,866345,e
1999,9,954074,e
1999,10,943186,e
1999,11,970098,e
1999,12,949410,e
1999,13,933225,e
1999,14,901858,e
1999,15,900050,e
1999,16,908955,e
1999,17,936004,e
1999,18,937447,e
1999,19,950649,e
1999,20,911786,e
1999,21,908151,e
1999,22,910085,e
1999,23,905701,e
1999,24,890669,e
1999,25,912320,e
1999,26,931254,e
1999,27,1029212,e
1999,28,1144718,e
1999,29,1202052,e
1999,30,1296324,e
1999,31,1362258,e
1999,32,1398811,e
1999,33,1439408,e
1999,34,1450859,e
1999,35,1477274,e
1999,36,1469050,e
1999,37,1424872,e
1999,38,1404723,e
1999,39,1368060,e
1999,40,1326138,e
1999,41,1261066,e
1999,42,1238416,e
1999,43,1210553,e
1999,44,1177514,e
1999,45,1161536,e
1999,46,1128557,e
1999,47,1133521,e
1999,48,1113454,e
1999,49,1123726,e
1999,50,1087755,e
1999,51,1003191,e
1999,52,947557,e
1999,53,834565,e
1999,54,742176,e
1999,55,987985,e
1999,56,1006682,e
1999,57,981990,e
1999,58,1189781,e
1999,59,1258458,e
1999,60,1235197,e
1999,61,1153916,e
1999,62,1078082,e
1999,63,1049741,e
1999,64,1012960,e
1999,65,940888,e
1999,66,757258,e
1999,67,752064,e
1999,68,762724,e
1999,69,799984,e
1999,70,770179,e
1999,71,758324,e
1999,72,695572,e
1999,73,673646,e
1999,74,655313,e
1999,75,595573,e
1999,76,568893,e
1999,77,573642,e
1999,78,574718,e
1999,79,537637,e
1999,80,384281,e
1999,81,235001,e
1999,82,210078,e
1999,83,214385,e
1999,84,255958,e
1999,85,296522,e
1999,86,265339,e
1999,87,232164,e
1999,88,186175,e
1999,89,157591,e
1999,90,497343,e
2000,0,766554,e
2000,1,772940,e
2000,2,789766,e
2000,3,814674,e
2000,4,799910,e
2000,5,773740,e
2000,6,782802,e
2000,7,814593,e
2000,8,834766,e
2000,9,867444,e
2000,10,955399,e
2000,11,945001,e
2000,12,972105,e
2000,13,951793,e
2000,14,935755,e
2000,15,905014,e
2000,16,904300,e
2000,17,913630,e
2000,18,942036,e
2000,19,947452,e
2000,20,963406,e
2000,21,922857,e
2000,22,920340,e
2000,23,921590,e
2000,24,916064,e
2000,25,898814,e
2000,26,918245,e
2000,27,935974,e
2000,28,1032886,e
2000,29,1147340,e
2000,30,1203587,e
2000,31,1296851,e
2000,32,1362199,e
2000,33,1398313,e
2000,34,1438889,e
2000,35,1450005,e
2000,36,1476581,e
2000,37,1468164,e
2000,38,1424090,e
2000,39,1403988,e
2000,40,1367322,e
2000,41,1325466,e
2000,42,1260096,e
2000,43,1237357,e
2000,44,1208956,e
2000,45,1176030,e
2000,46,1159795,e
2000,47,1126482,e
2000,48,1131138,e
2000,49,1110862,e
2000,50,1120698,e
2000,51,1084091,e
2000,52,999443,e
2000,53,943614,e
2000,54,830302,e
2000,55,737949,e
2000,56,981853,e
2000,57,999971,e
2000,58,975077,e
2000,59,1181002,e
2000,60,1247770,e
2000,61,1223925,e
2000,62,1142454,e
2000,63,1066784,e
2000,64,1037232,e
2000,65,999448,e
2000,66,926714,e
2000,67,744532,e
2000,68,738522,e
2000,69,747726,e
2000,70,782641,e
2000,71,752048,e
2000,72,738595,e
2000,73,676352,e
2000,74,653544,e
2000,75,633548,e
2000,76,574342,e
2000,77,545926,e
2000,78,547767,e
2000,79,545651,e
2000,80,506703,e
2000,81,360199,e
2000,82,218196,e
2000,83,193387,e
2000,84,195477,e
2000,85,230684,e
2000,86,264332,e
2000,87,233006,e
2000,88,200832,e
2000,89,158139,e
2000,90,525703,e
2001,0,735755,e
2001,1,772147,e
2001,2,775918,e
2001,3,792198,e
2001,4,816966,e
2001,5,802195,e
2001,6,775663,e
2001,7,784716,e
2001,8,817082,e
2001,9,837502,e
2001,10,870230,e
2001,11,958622,e
2001,12,948491,e
2001,13,975676,e
2001,14,955683,e
2001,15,940218,e
2001,16,911412,e
2001,17,910945,e
2001,18,922225,e
2001,19,955827,e
2001,20,963199,e
2001,21,978755,e
2001,22,939322,e
2001,23,936609,e
2001,24,936232,e
2001,25,928552,e
2001,26,909454,e
2001,27,927431,e
2001,28,943227,e
2001,29,1038983,e
2001,30,1151707,e
2001,31,1207656,e
2001,32,1299552,e
2001,33,1364225,e
2001,34,1399998,e
2001,35,1440128,e
2001,36,1450670,e
2001,37,1476899,e
2001,38,1468690,e
2001,39,1424674,e
2001,40,1404263,e
2001,41,1367630,e
2001,42,1325031,e
2001,43,1259536,e
2001,44,1236607,e
2001,45,1207862,e
2001,46,1174673,e
2001,47,1157765,e
2001,48,1124315,e
2001,49,1128577,e
2001,50,1108022,e
2001,51,1117385,e
2001,52,1080585,e
2001,53,995557,e
2001,54,939581,e
2001,55,826037,e
2001,56,733724,e
2001,57,975354,e
2001,58,992976,e
2001,59,968067,e
2001,60,1171255,e
2001,61,1236424,e
2001,62,1212233,e
2001,63,1130839,e
2001,64,1054855,e
2001,65,1024140,e
2001,66,985463,e
2001,67,912376,e
2001,68,731607,e
2001,69,724474,e
2001,70,732099,e
2001,71,764629,e
2001,72,732999,e
2001,73,718511,e
2001,74,656444,e
2001,75,632558,e
2001,76,610897,e
2001,77,551956,e
2001,78,521892,e
2001,79,520874,e
2001,80,515478,e
2001,81,475438,e
2001,82,335240,e
2001,83,201446,e
2001,84,177109,e
2001,85,176828,e
2001,86,205880,e
2001,87,232972,e
2001,88,202114,e
2001,89,171591,e
2001,90,550707,e
2002,0,719250,e
2002,1,739547,e
2002,2,773772,e
2002,3,777811,e
2002,4,794141,e
2002,5,819000,e
2002,6,803429,e
2002,7,777074,e
2002,8,786980,e
2002,9,819359,e
2002,10,840052,e
2002,11,873253,e
2002,12,961356,e
2002,13,951535,e
2002,14,979021,e
2002,15,959420,e
2002,16,945119,e
2002,17,916538,e
2002,18,917900,e
2002,19,934459,e
2002,20,969933,e
2002,21,976442,e
2002,22,992803,e
2002,23,952985,e
2002,24,948860,e
2002,25,946009,e
2002,26,936263,e
2002,27,916169,e
2002,28,933124,e
2002,29,947840,e
2002,30,1042534,e
2002,31,1154077,e
2002,32,1209961,e
2002,33,1300709,e
2002,34,1364686,e
2002,35,1400187,e
2002,36,1439945,e
2002,37,1450555,e
2002,38,1476463,e
2002,39,1468226,e
2002,40,1424198,e
2002,41,1403660,e
2002,42,1366909,e
2002,43,1324022,e
2002,44,1258214,e
2002,45,1234722,e
2002,46,1205707,e
2002,47,1172503,e
2002,48,1155464,e
2002,49,1121436,e
2002,50,1125457,e
2002,51,1104667,e
2002,52,1113405,e
2002,53,1076523,e
2002,54,991293,e
2002,55,934937,e
2002,56,821345,e
2002,57,729066,e
2002,58,968455,e
2002,59,985523,e
2002,60,959970,e
2002,61,1161033,e
2002,62,1224590,e
2002,63,1199711,e
2002,64,1118264,e
2002,65,1042034,e
2002,66,1010252,e
2002,67,970422,e
2002,68,896637,e
2002,69,717779,e
2002,70,709693,e
2002,71,715508,e
2002,72,745642,e
2002,73,712768,e
2002,74,696700,e
2002,75,634908,e
2002,76,610122,e
2002,77,587216,e
2002,78,528378,e
2002,79,496753,e
2002,80,492383,e
2002,81,483677,e
2002,82,442751,e
2002,83,309447,e
2002,84,184069,e
2002,85,159970,e
2002,86,158344,e
2002,87,181138,e
2002,88,201822,e
2002,89,171890,e
2002,90,578516,e
2003,0,706449,e
2003,1,722845,e
2003,2,741235,e
2003,3,775035,e
2003,4,778756,e
2003,5,794971,e
2003,6,819102,e
2003,7,803783,e
2003,8,778263,e
2003,9,788064,e
2003,10,820427,e
2003,11,841560,e
2003,12,874970,e
2003,13,963201,e
2003,14,953449,e
2003,15,981339,e
2003,16,962594,e
2003,17,948796,e
2003,18,921679,e
2003,19,927797,e
2003,20,945735,e
2003,21,980454,e
2003,22,987005,e
2003,23,1003813,e
2003,24,962464,e
2003,25,956147,e
2003,26,951628,e
2003,27,940907,e
2003,28,919707,e
2003,29,935548,e
2003,30,949498,e
2003,31,1043319,e
2003,32,1154414,e
2003,33,1209537,e
2003,34,1300032,e
2003,35,1363600,e
2003,36,1398377,e
2003,37,1438447,e
2003,38,1448475,e
2003,39,1474533,e
2003,40,1466359,e
2003,41,1422470,e
2003,42,1401548,e
2003,43,1364641,e
2003,44,1321898,e
2003,45,1256051,e
2003,46,1232037,e
2003,47,1202886,e
2003,48,1169433,e
2003,49,1152162,e
2003,50,1117790,e
2003,51,1121792,e
2003,52,1100655,e
2003,53,1108775,e
2003,54,1071635,e
2003,55,986273,e
2003,56,929925,e
2003,57,816200,e
2003,58,723816,e
2003,59,960921,e
2003,60,976976,e
2003,61,951271,e
2003,62,1150029,e
2003,63,1211778,e
2003,64,1186400,e
2003,65,1104720,e
2003,66,1028050,e
2003,67,995364,e
2003,68,954207,e
2003,69,880013,e
2003,70,703388,e
2003,71,693668,e
2003,72,697782,e
2003,73,725229,e
2003,74,691416,e
2003,75,673450,e
2003,76,613167,e
2003,77,586192,e
2003,78,561897,e
2003,79,503089,e
2003,80,469764,e
2003,81,462122,e
2003,82,450653,e
2003,83,408189,e
2003,84,282744,e
2003,85,166408,e
2003,86,142607,e
2003,87,139428,e
2003,88,156482,e
2003,89,171739,e
2003,90,598227,e
2004,0,704988,e
2004,1,710046,e
2004,2,724130,e
2004,3,741711,e
2004,4,775447,e
2004,5,778818,e
2004,6,794354,e
2004,7,818738,e
2004,8,804014,e
2004,9,779062,e
2004,10,788748,e
2004,11,821374,e
2004,12,842561,e
2004,13,876155,e
2004,14,964512,e
2004,15,955150,e
2004,16,983816,e
2004,17,965211,e
2004,18,953027,e
2004,19,930660,e
2004,20,938284,e
2004,21,955094,e
2004,22,989696,e
2004,23,995985,e
2004,24,1011157,e
2004,25,967850,e
2004,26,959583,e
2004,27,954065,e
2004,28,942967,e
2004,29,920783,e
2004,30,935934,e
2004,31,948735,e
2004,32,1042715,e
2004,33,1153319,e
2004,34,1208122,e
2004,35,1298062,e
2004,36,1361271,e
2004,37,1396023,e
2004,38,1436163,e
2004,39,1446132,e
2004,40,1471934,e
2004,41,1463934,e
2004,42,1419889,e
2004,43,1399349,e
2004,44,1361891,e
2004,45,1319398,e
2004,46,1253391,e
2004,47,1228841,e
2004,48,1199763,e
2004,49,1166096,e
2004,50,1148046,e
2004,51,1113855,e
2004,52,1117256,e
2004,53,1095815,e
2004,54,1103272,e
2004,55,1065894,e
2004,56,980565,e
2004,57,923799,e
2004,58,810138,e
2004,59,718034,e
2004,60,952224,e
2004,61,967657,e
2004,62,941731,e
2004,63,1138052,e
2004,64,1198112,e
2004,65,1171624,e
2004,66,1089904,e
2004,67,1013057,e
2004,68,979443,e
2004,69,937396,e
2004,70,862525,e
2004,71,688150,e
2004,72,677310,e
2004,73,679357,e
2004,74,704524,e
2004,75,669442,e
2004,76,649616,e
2004,77,589997,e
2004,78,562120,e
2004,79,536004,e
2004,80,477455,e
2004,81,443098,e
2004,82,432259,e
2004,83,418011,e
2004,84,374843,e
2004,85,257088,e
2004,86,149553,e
2004,87,126487,e
2004,88,121953,e
2004,89,134557,e
2004,90,621678,e
2005,0,685987,e
2005,1,708013,e
2005,2,710594,e
2005,3,724512,e
2005,4,741752,e
2005,5,775287,e
2005,6,777473,e
2005,7,793425,e
2005,8,818432,e
2005,9,803903,e
2005,10,779243,e
2005,11,789354,e
2005,12,821912,e
2005,13,843177,e
2005,14,876808,e
2005,15,965368,e
2005,16,956831,e
2005,17,985333,e
2005,18,968013,e
2005,19,960244,e
2005,20,939660,e
2005,21,947222,e
2005,22,964505,e
2005,23,999016,e
2005,24,1003405,e
2005,25,1016846,e
2005,26,971856,e
2005,27,962637,e
2005,28,956210,e
2005,29,944528,e
2005,30,922096,e
2005,31,936798,e
2005,32,949096,e
2005,33,1042546,e
2005,34,1152640,e
2005,35,1206890,e
2005,36,1296427,e
2005,37,1359348,e
2005,38,1394246,e
2005,39,1434231,e
2005,40,1444134,e
2005,41,1469543,e
2005,42,1461601,e
2005,43,1417597,e
2005,44,1397128,e
2005,45,1359439,e
2005,46,1316638,e
2005,47,1250646,e
2005,48,1225769,e
2005,49,1196513,e
2005,50,1162450,e
2005,51,1144190,e
2005,52,1109603,e
2005,53,1112580,e
2005,54,1090745,e
2005,55,1097581,e
2005,56,1059733,e
2005,57,974440,e
2005,58,917672,e
2005,59,804031,e
2005,60,711709,e
2005,61,943321,e
2005,62,957891,e
2005,63,931758,e
2005,64,1125345,e
2005,65,1183296,e
2005,66,1156267,e
2005,67,1074640,e
2005,68,997418,e
2005,69,962778,e
2005,70,919682,e
2005,71,844349,e
2005,72,673315,e
2005,73,660340,e
2005,74,662044,e
2005,75,682606,e
2005,76,646251,e
2005,77,624560,e
2005,78,565470,e
2005,79,536238,e
2005,80,508410,e
2005,81,450433,e
2005,82,414476,e
2005,83,400714,e
2005,84,383977,e
2005,85,340229,e
2005,86,230420,e
2005,87,132524,e
2005,88,110393,e
2005,89,104587,e
2005,90,604657,e
2006,0,673132,e
2006,1,688498,e
2006,2,708358,e
2006,3,710219,e
2006,4,723939,e
2006,5,741017,e
2006,6,773550,e
2006,7,776037,e
2006,8,792530,e
2006,9,817702,e
2006,10,803344,e
2006,11,779077,e
2006,12,789245,e
2006,13,821674,e
2006,14,843044,e
2006,15,877120,e
2006,16,966170,e
2006,17,957494,e
2006,18,987424,e
2006,19,974156,e
2006,20,968396,e
2006,21,947758,e
2006,22,954957,e
2006,23,972035,e
2006,24,1005124,e
2006,25,1007075,e
2006,26,1019020,e
2006,27,973311,e
2006,28,963339,e
2006,29,956383,e
2006,30,944179,e
2006,31,921312,e
2006,32,935869,e
2006,33,947988,e
2006,34,1041238,e
2006,35,1150624,e
2006,36,1204737,e
2006,37,1293844,e
2006,38,1356761,e
2006,39,1391454,e
2006,40,1431227,e
2006,41,1441134,e
2006,42,1466390,e
2006,43,1458750,e
2006,44,1414346,e
2006,45,1393843,e
2006,46,1355968,e
2006,47,1313381,e
2006,48,1247058,e
2006,49,1221756,e
2006,50,1192283,e
2006,51,1158089,e
2006,52,1139359,e
2006,53,1104521,e
2006,54,1106983,e
2006,55,1084932,e
2006,56,1091159,e
2006,57,1053028,e
2006,58,967607,e
2006,59,910723,e
2006,60,796752,e
2006,61,704410,e
2006,62,933915,e
2006,63,947634,e
2006,64,921235,e
2006,65,1111704,e
2006,66,1167798,e
2006,67,1140239,e
2006,68,1058557,e
2006,69,980878,e
2006,70,945228,e
2006,71,901242,e
2006,72,826954,e
2006,73,656431,e
2006,74,642140,e
2006,75,641829,e
2006,76,659706,e
2006,77,622986,e
2006,78,598848,e
2006,79,539907,e
2006,80,508975,e
2006,81,480049,e
2006,82,422278,e
2006,83,385189,e
2006,84,368690,e
2006,85,349719,e
2006,86,305716,e
2006,87,204804,e
2006,88,116003,e
2006,89,95160,e
2006,90,568259,e
2007,0,685495,e
2007,1,676142,e
2007,2,689181,e
2007,3,708342,e
2007,4,709884,e
2007,5,723274,e
2007,6,739386,e
2007,7,772569,e
2007,8,775254,e
2007,9,791797,e
2007,10,817125,e
2007,11,803094,e
2007,12,779122,e
2007,13,789421,e
2007,14,821610,e
2007,15,843241,e
2007,16,878112,e
2007,17,967034,e
2007,18,960142,e
2007,19,994435,e
2007,20,982931,e
2007,21,976593,e
2007,22,955596,e
2007,23,962301,e
2007,24,978079,e
2007,25,1009292,e
2007,26,1009423,e
2007,27,1020405,e
2007,28,974244,e
2007,29,963366,e
2007,30,955863,e
2007,31,943930,e
2007,32,920945,e
2007,33,935674,e
2007,34,947002,e
2007,35,1040387,e
2007,36,1149399,e
2007,37,1203073,e
2007,38,1292288,e
2007,39,1354786,e
2007,40,1389707,e
2007,41,1428871,e
2007,42,1438489,e
2007,43,1463605,e
2007,44,1455878,e
2007,45,1411275,e
2007,46,1390559,e
2007,47,1352558,e
2007,48,1309865,e
2007,49,1243286,e
2007,50,1217606,e
2007,51,1188090,e
2007,52,1153425,e
2007,53,1134359,e
2007,54,1099322,e
2007,55,1101293,e
2007,56,1078735,e
2007,57,1084372,e
2007,58,1046225,e
2007,59,960408,e
2007,60,903118,e
2007,61,789258,e
2007,62,697389,e
2007,63,924066,e
2007,64,937097,e
2007,65,909706,e
2007,66,1097459,e
2007,67,1151644,e
2007,68,1123665,e
2007,69,1041550,e
2007,70,963729,e
2007,71,926983,e
2007,72,881776,e
2007,73,807265,e
2007,74,638909,e
2007,75,623106,e
2007,76,620758,e
2007,77,635869,e
2007,78,597444,e
2007,79,571745,e
2007,80,513056,e
2007,81,480678,e
2007,82,449941,e
2007,83,393333,e
2007,84,355099,e
2007,85,336659,e
2007,86,315233,e
2007,87,271184,e
2007,88,179125,e
2007,89,99961,e
2007,90,532867,e
2008,0,683350,e
2008,1,688205,e
2008,2,676795,e
2008,3,689055,e
2008,4,707767,e
2008,5,708961,e
2008,6,721364,e
2008,7,738257,e
2008,8,771931,e
2008,9,774484,e
2008,10,790980,e
2008,11,816759,e
2008,12,802868,e
2008,13,778980,e
2008,14,789350,e
2008,15,821725,e
2008,16,844154,e
2008,17,878572,e
2008,18,969220,e
2008,19,965959,e
2008,20,1002389,e
2008,21,989509,e
2008,22,982397,e
2008,23,960436,e
2008,24,965108,e
2008,25,978716,e
2008,26,1008347,e
2008,27,1007662,e
2008,28,1018060,e
2008,29,971407,e
2008,30,959710,e
2008,31,952482,e
2008,32,940425,e
2008,33,917670,e
2008,34,932383,e
2008,35,943717,e
2008,36,1036781,e
2008,37,1145602,e
2008,38,1199102,e
2008,39,1288341,e
2008,40,1350555,e
2008,41,1385779,e
2008,42,1424256,e
2008,43,1433621,e
2008,44,1458688,e
2008,45,1450926,e
2008,46,1406185,e
2008,47,1385462,e
2008,48,1347055,e
2008,49,1304418,e
2008,50,1237602,e
2008,51,1211829,e
2008,52,1181955,e
2008,53,1147173,e
2008,54,1127912,e
2008,55,1092617,e
2008,56,1094070,e
2008,57,1071281,e
2008,58,1076343,e
2008,59,1037905,e
2008,60,951651,e
2008,61,894146,e
2008,62,780604,e
2008,63,689175,e
2008,64,913155,e
2008,65,925168,e
2008,66,897432,e
2008,67,1082064,e
2008,68,1134524,e
2008,69,1105369,e
2008,70,1023231,e
2008,71,945240,e
2008,72,907323,e
2008,73,860695,e
2008,74,785767,e
2008,75,620088,e
2008,76,602648,e
2008,77,598135,e
2008,78,609940,e
2008,79,570277,e
2008,80,542723,e
2008,81,484125,e
2008,82,450513,e
2008,83,418497,e
2008,84,362878,e
2008,85,323882,e
2008,86,302863,e
2008,87,279844,e
2008,88,236749,e
2008,89,153655,e
2008,90,505383,e
2009,0,665151,e
2009,1,687796,e
2009,2,689510,e
2009,3,677640,e
2009,4,689511,e
2009,5,707731,e
2009,6,708024,e
2009,7,721083,e
2009,8,738558,e
2009,9,772331,e
2009,10,774359,e
2009,11,791311,e
2009,12,816842,e
2009,13,803332,e
2009,14,779455,e
2009,15,790121,e
2009,16,823424,e
2009,17,845514,e
2009,18,882016,e
2009,19,975997,e
2009,20,974478,e
2009,21,1010343,e
2009,22,996465,e
2009,23,988341,e
2009,24,964830,e
2009,25,967824,e
2009,26,979347,e
2009,27,1008035,e
2009,28,1006705,e
2009,29,1016509,e
2009,30,969371,e
2009,31,957707,e
2009,32,950558,e
2009,33,938277,e
2009,34,915344,e
2009,35,929932,e
2009,36,941388,e
2009,37,1034274,e
2009,38,1142479,e
2009,39,1195999,e
2009,40,1285204,e
2009,41,1347487,e
2009,42,1382125,e
2009,43,1420253,e
2009,44,1429511,e
2009,45,1454265,e
2009,46,1446203,e
2009,47,1401084,e
2009,48,1380276,e
2009,49,1341482,e
2009,50,1298855,e
2009,51,1232064,e
2009,52,1205857,e
2009,53,1175744,e
2009,54,1140687,e
2009,55,1120993,e
2009,56,1085620,e
2009,57,1086385,e
2009,58,1063258,e
2009,59,1067656,e
2009,60,1028292,e
2009,61,942293,e
2009,62,884708,e
2009,63,771710,e
2009,64,680591,e
2009,65,901472,e
2009,66,912614,e
2009,67,884580,e
2009,68,1065742,e
2009,69,1116101,e
2009,70,1085802,e
2009,71,1003830,e
2009,72,925348,e
2009,73,886392,e
2009,74,838552,e
2009,75,763265,e
2009,76,599845,e
2009,77,581029,e
2009,78,573960,e
2009,79,582517,e
2009,80,541417,e
2009,81,512151,e
2009,82,453700,e
2009,83,418992,e
2009,84,385635,e
2009,85,330845,e
2009,86,291701,e
2009,87,268663,e
2009,88,244458,e
2009,89,203267,e
2009,90,529864,e
2010,0,678233,e
2010,1,670614,e
2010,2,690118,e
2010,3,691188,e
2010,4,678967,e
2010,5,690501,e
2010,6,707769,e
2010,7,708585,e
2010,8,721979,e
2010,9,739511,e
2010,10,773329,e
2010,11,775389,e
2010,12,792329,e
2010,13,818118,e
2010,14,804571,e
2010,15,781069,e
2010,16,792868,e
2010,17,825751,e
2010,18,850181,e
2010,19,890525,e
2010,20,987099,e
2010,21,985334,e
2010,22,1020019,e
2010,23,1006306,e
2010,24,997233,e
2010,25,971896,e
2010,26,973619,e
2010,27,983666,e
2010,28,1011732,e
2010,29,1009673,e
2010,30,1019099,e
2010,31,971668,e
2010,32,959664,e
2010,33,952357,e
2010,34,939778,e
2010,35,916592,e
2010,36,931178,e
2010,37,941733,e
2010,38,1034552,e
2010,39,1142789,e
2010,40,1195874,e
2010,41,1285082,e
2010,42,1346531,e
2010,43,1381272,e
2010,44,1418816,e
2010,45,1427530,e
2010,46,1452151,e
2010,47,1443309,e
2010,48,1397952,e
2010,49,1376783,e
2010,50,1337515,e
2010,51,1294578,e
2010,52,1227633,e
2010,53,1200908,e
2010,54,1170341,e
2010,55,1134876,e
2010,56,1114905,e
2010,57,1079088,e
2010,58,1079359,e
2010,59,1055787,e
2010,60,1059006,e
2010,61,1019159,e
2010,62,933237,e
2010,63,875438,e
2010,64,762597,e
2010,65,671734,e
2010,66,889666,e
2010,67,899784,e
2010,68,871630,e
2010,69,1049097,e
2010,70,1096898,e
2010,71,1065893,e
2010,72,983641,e
2010,73,904918,e
2010,74,864272,e
2010,75,815218,e
2010,76,739412,e
2010,77,578766,e
2010,78,558084,e
2010,79,548611,e
2010,80,553769,e
2010,81,511542,e
2010,82,480272,e
2010,83,422592,e
2010,84,386792,e
2010,85,352185,e
2010,86,298958,e
2010,87,259316,e
2010,88,235458,e
2010,89,210487,e
2010,90,595298,e
2011,0,658332,e
2011,1,679236,e
2011,2,669579,e
2011,3,689691,e
2011,4,689748,e
2011,5,677338,e
2011,6,687268,e
2011,7,705953,e
2011,8,706644,e
2011,9,720123,e
2011,10,737771,e
2011,11,771181,e
2011,12,773539,e
2011,13,790759,e
2011,14,815844,e
2011,15,801907,e
2011,16,778651,e
2011,17,789388,e
2011,18,819478,e
2011,19,838522,e
2011,20,879628,e
2011,21,974880,e
2011,22,970028,e
2011,23,1004948,e
2011,24,992593,e
2011,25,982758,e
2011,26,954515,e
2011,27,957214,e
2011,28,966985,e
2011,29,993935,e
2011,30,990640,e
2011,31,994638,e
2011,32,950345,e
2011,33,940163,e
2011,34,934168,e
2011,35,918663,e
2011,36,894923,e
2011,37,910408,e
2011,38,921373,e
2011,39,1004079,e
2011,40,1110733,e
2011,41,1154918,e
2011,42,1245781,e
2011,43,1307904,e
2011,44,1347294,e
2011,45,1389312,e
2011,46,1396633,e
2011,47,1425084,e
2011,48,1415602,e
2011,49,1372129,e
2011,50,1354464,e
2011,51,1309492,e
2011,52,1275368,e
2011,53,1205347,e
2011,54,1179409,e
2011,55,1147315,e
2011,56,1112845,e
2011,57,1092372,e
2011,58,1057328,e
2011,59,1055732,e
2011,60,1034127,e
2011,61,1032953,e
2011,62,998618,e
2011,63,911431,e
2011,64,854441,e
2011,65,743723,e
2011,66,651478,e
2011,67,867419,e
2011,68,876700,e
2011,69,845424,e
2011,70,1020930,e
2011,71,1065079,e
2011,72,1037842,e
2011,73,953281,e
2011,74,875412,e
2011,75,830647,e
2011,76,782909,e
2011,77,705785,e
2011,78,549808,e
2011,79,527823,e
2011,80,515193,e
2011,81,517075,e
2011,82,475838,e
2011,83,441272,e
2011,84,384053,e
2011,85,347717,e
2011,86,313919,e
2011,87,260884,e
2011,88,224760,e
2011,89,199608,e
2011,90,588853,e
2012,0,674411,e
2012,1,665848,e
2012,2,684310,e
2012,3,674000,e
2012,4,693673,e
2012,5,693323,e
2012,6,679924,e
2012,7,690255,e
2012,8,708941,e
2012,9,709866,e
2012,10,723162,e
2012,11,740709,e
2012,12,774419,e
2012,13,776505,e
2012,14,793557,e
2012,15,819081,e
2012,16,806180,e
2012,17,782723,e
2012,18,797051,e
2012,19,833070,e
2012,20,854829,e
2012,21,896047,e
2012,22,992202,e
2012,23,988850,e
2012,24,1022753,e
2012,25,1009129,e
2012,26,997984,e
2012,27,968465,e
2012,28,969962,e
2012,29,978339,e
2012,30,1004337,e
2012,31,1000455,e
2012,32,1003639,e
2012,33,958884,e
2012,34,947811,e
2012,35,941418,e
2012,36,925567,e
2012,37,901764,e
2012,38,916291,e
2012,39,926976,e
2012,40,1009291,e
2012,41,1115554,e
2012,42,1159128,e
2012,43,1249441,e
2012,44,1311109,e
2012,45,1349727,e
2012,46,1390784,e
2012,47,1397245,e
2012,48,1425407,e
2012,49,1415038,e
2012,50,1371099,e
2012,51,1352831,e
2012,52,1307360,e
2012,53,1272539,e
2012,54,1202105,e
2012,55,1175714,e
2012,56,1142859,e
2012,57,1107669,e
2012,58,1086581,e
2012,59,1050796,e
2012,60,1048257,e
2012,61,1026167,e
2012,62,1024167,e
2012,63,989099,e
2012,64,901914,e
2012,65,844569,e
2012,66,734255,e
2012,67,642874,e
2012,68,854952,e
2012,69,863465,e
2012,70,831646,e
2012,71,1002856,e
2012,72,1044614,e
2012,73,1015924,e
2012,74,931232,e
2012,75,852830,e
2012,76,806578,e
2012,77,757208,e
2012,78,679803,e
2012,79,526630,e
2012,80,502732,e
2012,81,487563,e
2012,82,485876,e
2012,83,443417,e
2012,84,407244,e
2012,85,351099,e
2012,86,314338,e
2012,87,280019,e
2012,88,229147,e
2012,89,194128,e
2012,90,630156,e
2013,0,683070,e
2013,1,684337,e
2013,2,672324,e
2013,3,690111,e
2013,4,679650,e
2013,5,699007,e
2013,6,697337,e
2013,7,684320,e
2013,8,694557,e
2013,9,713339,e
2013,10,714054,e
2013,11,727166,e
2013,12,744676,e
2013,13,778286,e
2013,14,780198,e
2013,15,797607,e
2013,16,824290,e
2013,17,811200,e
2013,18,793290,e
2013,19,814110,e
2013,20,852118,e
2013,21,873480,e
2013,22,914719,e
2013,23,1013206,e
2013,24,1008508,e
2013,25,1041333,e
2013,26,1025853,e
2013,27,1013420,e
2013,28,982960,e
2013,29,982860,e
2013,30,989933,e
2013,31,1015149,e
2013,32,1010056,e
2013,33,1013278,e
2013,34,967553,e
2013,35,956046,e
2013,36,949147,e
2013,37,932728,e
2013,38,908451,e
2013,39,922733,e
2013,40,932501,e
2013,41,1014658,e
2013,42,1120204,e
2013,43,1163336,e
2013,44,1253200,e
2013,45,1314370,e
2013,46,1352049,e
2013,47,1391852,e
2013,48,1397810,e
2013,49,1425513,e
2013,50,1414446,e
2013,51,1369707,e
2013,52,1350725,e
2013,53,1304694,e
2013,54,1269286,e
2013,55,1198221,e
2013,56,1171109,e
2013,57,1137764,e
2013,58,1101783,e
2013,59,1080015,e
2013,60,1043640,e
2013,61,1040177,e
2013,62,1017767,e
2013,63,1014482,e
2013,64,978884,e
2013,65,891371,e
2013,66,833783,e
2013,67,724230,e
2013,68,633358,e
2013,69,841653,e
2013,70,849127,e
2013,71,816708,e
2013,72,983447,e
2013,73,1022605,e
2013,74,992433,e
2013,75,907640,e
2013,76,828350,e
2013,77,780463,e
2013,78,729582,e
2013,79,651700,e
2013,80,501647,e
2013,81,476219,e
2013,82,458304,e
2013,83,452450,e
2013,84,409089,e
2013,85,371836,e
2013,86,316775,e
2013,87,280180,e
2013,88,245685,e
2013,89,197595,e
2013,90,656580,e
2014,0,716419,e
2014,1,695915,e
2014,2,694369,e
2014,3,681109,e
2014,4,698599,e
2014,5,687851,e
2014,6,706180,e
2014,7,704334,e
2014,8,691490,e
2014,9,701623,e
2014,10,720022,e
2014,11,720522,e
2014,12,733069,e
2014,13,750865,e
2014,14,784356,e
2014,15,786661,e
2014,16,805999,e
2014,17,832637,e
2014,18,826219,e
2014,19,815272,e
2014,20,839173,e
2014,21,874957,e
2014,22,895922,e
2014,23,938818,e
2014,24,1037458,e
2014,25,1030691,e
2014,26,1062175,e
2014,27,1044361,e
2014,28,1030624,e
2014,29,998975,e
2014,30,997920,e
2014,31,1003047,e
2014,32,1027335,e
2014,33,1021180,e
2014,34,1024599,e
2014,35,977736,e
2014,36,965515,e
2014,37,957954,e
2014,38,940936,e
2014,39,916475,e
2014,40,930179,e
2014,41,939183,e
2014,42,1020846,e
2014,43,1125520,e
2014,44,1168551,e
2014,45,1257494,e
2014,46,1318041,e
2014,47,1354898,e
2014,48,1393452,e
2014,49,1398539,e
2014,50,1425189,e
2014,51,1413324,e
2014,52,1368092,e
2014,53,1348394,e
2014,54,1301653,e
2014,55,1265624,e
2014,56,1193969,e
2014,57,1166077,e
2014,58,1132207,e
2014,59,1095255,e
2014,60,1072820,e
2014,61,1035717,e
2014,62,1031649,e
2014,63,1008255,e
2014,64,1004536,e
2014,65,967820,e
2014,66,880316,e
2014,67,822979,e
2014,68,714011,e
2014,69,623768,e
2014,70,827839,e
2014,71,834208,e
2014,72,801337,e
2014,73,963133,e
2014,74,999697,e
2014,75,968206,e
2014,76,882884,e
2014,77,803177,e
2014,78,753546,e
2014,79,701492,e
2014,80,622710,e
2014,81,476467,e
2014,82,449106,e
2014,83,428716,e
2014,84,419703,e
2014,85,375704,e
2014,86,337175,e
2014,87,283769,e
2014,88,247855,e
2014,89,213675,e
2014,90,689418,e
2015,0,744721,e
2015,1,740078,e
2015,2,715608,e
2015,3,713757,e
2015,4,699382,e
2015,5,716863,e
2015,6,704716,e
2015,7,723366,e
2015,8,720452,e
2015,9,706517,e
2015,10,716699,e
2015,11,733698,e
2015,12,733981,e
2015,13,746291,e
2015,14,764997,e
2015,15,802215,e
2015,16,811294,e
2015,17,831042,e
2015,18,873171,e
2015,19,872242,e
2015,20,864859,e
2015,21,882914,e
2015,22,918055,e
2015,23,940583,e
2015,24,981467,e
2015,25,1081508,e
2015,26,1069607,e
2015,27,1099077,e
2015,28,1077451,e
2015,29,1060038,e
2015,30,1028283,e
2015,31,1023414,e
2015,32,1026274,e
2015,33,1049220,e
2015,34,1040669,e
2015,35,1045965,e
2015,36,995685,e
2015,37,981810,e
2015,38,973528,e
2015,39,954756,e
2015,40,930453,e
2015,41,942794,e
2015,42,950684,e
2015,43,1031271,e
2015,44,1134886,e
2015,45,1177330,e
2015,46,1265093,e
2015,47,1324666,e
2015,48,1359970,e
2015,49,1396645,e
2015,50,1400912,e
2015,51,1426217,e
2015,52,1413510,e
2015,53,1367400,e
2015,54,1346726,e
2015,55,1299396,e
2015,56,1261766,e
2015,57,1190144,e
2015,58,1160912,e
2015,59,1126422,e
2015,60,1088896,e
2015,61,1065097,e
2015,62,1027643,e
2015,63,1022255,e
2015,64,998165,e
2015,65,993544,e
2015,66,955943,e
2015,67,868455,e
2015,68,811207,e
2015,69,702735,e
2015,70,613134,e
2015,71,812814,e
2015,72,817825,e
2015,73,784324,e
2015,74,941096,e
2015,75,974315,e
2015,76,940958,e
2015,77,855435,e
2015,78,775260,e
2015,79,723930,e
2015,80,669656,e
2015,81,590675,e
2015,82,448413,e
2015,83,419124,e
2015,84,396544,e
2015,85,383806,e
2015,86,339187,e
2015,87,300405,e
2015,88,249247,e
2015,89,214055,e
2015,90,718091,e
2016,0,788299,e
2016,1,762519,e
2016,2,753217,e
2016,3,727203,e
2016,4,725208,e
2016,5,709649,e
2016,6,725990,e
2016,7,714614,e
2016,8,733904,e
2016,9,729770,e
2016,10,715498,e
2016,11,725080,e
2016,12,741434,e
2016,13,741827,e
2016,14,754356,e
2016,15,774861,e
2016,16,817175,e
2016,17,829658,e
2016,18,852649,e
2016,19,898526,e
2016,20,896869,e
2016,21,883871,e
2016,22,900327,e
2016,23,935857,e
2016,24,957107,e
2016,25,996131,e
2016,26,1094013,e
2016,27,1081506,e
2016,28,1108891,e
2016,29,1086215,e
2016,30,1068203,e
2016,31,1036328,e
2016,32,1029887,e
2016,33,1032181,e
2016,34,1054476,e
2016,35,1045463,e
2016,36,1050450,e
2016,37,999664,e
2016,38,985590,e
2016,39,976871,e
2016,40,957877,e
2016,41,933123,e
2016,42,945184,e
2016,43,953024,e
2016,44,1032778,e
2016,45,1135810,e
2016,46,1177742,e
2016,47,1264331,e
2016,48,1323771,e
2016,49,1358258,e
2016,50,1393957,e
2016,51,1397753,e
2016,52,1421951,e
2016,53,1408732,e
2016,54,1361914,e
2016,55,1340408,e
2016,56,1293120,e
2016,57,1254555,e
2016,58,1182584,e
2016,59,1152459,e
2016,60,1117653,e
2016,61,1079772,e
2016,62,1055517,e
2016,63,1017147,e
2016,64,1011191,e
2016,65,986117,e
2016,66,980637,e
2016,67,942547,e
2016,68,855561,e
2016,69,798439,e
2016,70,690163,e
2016,71,601545,e
2016,72,796592,e
2016,73,800408,e
2016,74,766229,e
2016,75,917490,e
2016,76,947484,e
2016,77,912772,e
2016,78,826172,e
2016,79,745639,e
2016,80,692490,e
2016,81,636554,e
2016,82,557352,e
2016,83,419843,e
2016,84,388732,e
2016,85,363961,e
2016,86,348412,e
2016,87,303581,e
2016,88,264910,e
2016,89,216478,e
2016,90,749597,e
2017,0,785074,e
2017,1,796149,e
2017,2,770628,e
2017,3,760868,e
2017,4,734059,e
2017,5,732088,e
2017,6,715528,e
2017,7,732586,e
2017,8,721168,e
2017,9,740846,e
2017,10,736082,e
2017,11,721745,e
2017,12,730820,e
2017,13,746890,e
2017,14,747228,e
2017,15,760238,e
2017,16,781964,e
2017,17,824185,e
2017,18,841946,e
2017,19,872234,e
2017,20,918164,e
2017,21,913985,e
2017,22,899827,e
2017,23,918306,e
2017,24,952232,e
2017,25,971610,e
2017,26,1009672,e
2017,27,1105660,e
2017,28,1092555,e
2017,29,1118583,e
2017,30,1094733,e
2017,31,1075886,e
2017,32,1043548,e
2017,33,1036879,e
2017,34,1039206,e
2017,35,1060221,e
2017,36,1051212,e
2017,37,1056495,e
2017,38,1004728,e
2017,39,990554,e
2017,40,981486,e
2017,41,962843,e
2017,42,937518,e
2017,43,949657,e
2017,44,956853,e
2017,45,1035587,e
2017,46,1138293,e
2017,47,1179668,e
2017,48,1265662,e
2017,49,1324077,e
2017,50,1357827,e
2017,51,1392300,e
2017,52,1395078,e
2017,53,1418449,e
2017,54,1404391,e
2017,55,1357082,e
2017,56,1334645,e
2017,57,1286991,e
2017,58,1247579,e
2017,59,1175219,e
2017,60,1144314,e
2017,61,1108669,e
2017,62,1070337,e
2017,63,1045334,e
2017,64,1006399,e
2017,65,999682,e
2017,66,973689,e
2017,67,967521,e
2017,68,928887,e
2017,69,841915,e
2017,70,784815,e
2017,71,676907,e
2017,72,589302,e
2017,73,779008,e
2017,74,781877,e
2017,75,746906,e
2017,76,892443,e
2017,77,918608,e
2017,78,882457,e
2017,79,795009,e
2017,80,713800,e
2017,81,658716,e
2017,82,601037,e
2017,83,521955,e
2017,84,389704,e
2017,85,356499,e
2017,86,330034,e
2017,87,312055,e
2017,88,267429,e
2017,89,229423,e
2017,90,770033,e
2018,0,783978,e
2018,1,796374,e
2018,2,802651,e
2018,3,776763,e
2018,4,766631,e
2018,5,739729,e
2018,6,736749,e
2018,7,720613,e
2018,8,738238,e
2018,9,726909,e
2018,10,746345,e
2018,11,741530,e
2018,12,726923,e
2018,13,735760,e
2018,14,751622,e
2018,15,752351,e
2018,16,766517,e
2018,17,787745,e
2018,18,835762,e
2018,19,861102,e
2018,20,891659,e
2018,21,934518,e
2018,22,929523,e
2018,23,916924,e
2018,24,934648,e
2018,25,967092,e
2018,26,985364,e
2018,27,1021919,e
2018,28,1116459,e
2018,29,1102501,e
2018,30,1127589,e
2018,31,1103635,e
2018,32,1083657,e
2018,33,1050793,e
2018,34,1043355,e
2018,35,1045184,e
2018,36,1065675,e
2018,37,1056516,e
2018,38,1060769,e
2018,39,1009272,e
2018,40,995070,e
2018,41,985641,e
2018,42,966513,e
2018,43,941433,e
2018,44,953081,e
2018,45,959668,e
2018,46,1038269,e
2018,47,1140019,e
2018,48,1180738,e
2018,49,1265825,e
2018,50,1323697,e
2018,51,1356220,e
2018,52,1389766,e
2018,53,1391794,e
2018,54,1414471,e
2018,55,1399366,e
2018,56,1351589,e
2018,57,1327937,e
2018,58,1279695,e
2018,59,1239631,e
2018,60,1166642,e
2018,61,1135091,e
2018,62,1098993,e
2018,63,1059645,e
2018,64,1033543,e
2018,65,994300,e
2018,66,986573,e
2018,67,960173,e
2018,68,953314,e
2018,69,914137,e
2018,70,827191,e
2018,71,770080,e
2018,72,662844,e
2018,73,575993,e
2018,74,760437,e
2018,75,761531,e
2018,76,726066,e
2018,77,865057,e
2018,78,887604,e
2018,79,849126,e
2018,80,761230,e
2018,81,679410,e
2018,82,622557,e
2018,83,563565,e
2018,84,484835,e
2018,85,357898,e
2018,86,323304,e
2018,87,295105,e
2018,88,275102,e
2018,89,231157,e
2018,90,794943,e
2019,0,774870,e
2019,1,794132,e
2019,2,802415,e
2019,3,807816,e
2019,4,782143,e
2019,5,771479,e
2019,6,743954,e
2019,7,741969,e
2019,8,725807,e
2019,9,743761,e
2019,10,732376,e
2019,11,751663,e
2019,12,746670,e
2019,13,731698,e
2019,14,740506,e
2019,15,756823,e
2019,16,757882,e
2019,17,771938,e
2019,18,798514,e
2019,19,854086,e
2019,20,878869,e
2019,21,905902,e
2019,22,947646,e
2019,23,944591,e
2019,24,931423,e
2019,25,947032,e
2019,26,978142,e
2019,27,995515,e
2019,28,1030314,e
2019,29,1123468,e
2019,30,1109227,e
2019,31,1133582,e
2019,32,1109010,e
2019,33,1088700,e
2019,34,1055201,e
2019,35,1048086,e
2019,36,1048762,e
2019,37,1069168,e
2019,38,1059479,e
2019,39,1063715,e
2019,40,1011818,e
2019,41,997428,e
2019,42,987623,e
2019,43,968885,e
2019,44,943272,e
2019,45,954462,e
2019,46,960829,e
2019,47,1038797,e
2019,48,1139590,e
2019,49,1179680,e
2019,50,1263945,e
2019,51,1320960,e
2019,52,1352770,e
2019,53,1385608,e
2019,54,1386952,e
2019,55,1408832,e
2019,56,1392942,e
2019,57,1344388,e
2019,58,1319852,e
2019,59,1271291,e
2019,60,1230109,e
2019,61,1157125,e
2019,62,1124758,e
2019,63,1087957,e
2019,64,1047822,e
2019,65,1021046,e
2019,66,981186,e
2019,67,972595,e
2019,68,946118,e
2019,69,938087,e
2019,70,898100,e
2019,71,811462,e
2019,72,754507,e
2019,73,648189,e
2019,74,561837,e
2019,75,740528,e
2019,76,740375,e
2019,77,704285,e
2019,78,836403,e
2019,79,854829,e
2019,80,814346,e
2019,81,726011,e
2019,82,643708,e
2019,83,585337,e
2019,84,524879,e
2019,85,447140,e
2019,86,325904,e
2019,87,290120,e
2019,88,261406,e
2019,89,239237,e
2019,90,823047,e
2020,0,769380,e
2020,1,783593,e
2020,2,798366,e
2020,3,806198,e
2020,4,811601,e
2020,5,785754,e
2020,6,774587,e
2020,7,747447,e
2020,8,745883,e
2020,9,729897,e
2020,10,747757,e
2020,11,736417,e
2020,12,755570,e
2020,13,750180,e
2020,14,735170,e
2020,15,744218,e
2020,16,760578,e
2020,17,761348,e
2020,18,779039,e
2020,19,811591,e
2020,20,865943,e
2020,21,885430,e
2020,22,910983,e
2020,23,955511,e
2020,24,952624,e
2020,25,939020,e
2020,26,953617,e
2020,27,984464,e
2020,28,1000769,e
2020,29,1035069,e
2020,30,1127628,e
2020,31,1112935,e
2020,32,1136859,e
2020,33,1112354,e
2020,34,1091312,e
2020,35,1058097,e
2020,36,1050221,e
2020,37,1050675,e
2020,38,1070818,e
2020,39,1061065,e
2020,40,1065188,e
2020,41,1013187,e
2020,42,998596,e
2020,43,988332,e
2020,44,969585,e
2020,45,944048,e
2020,46,954793,e
2020,47,960699,e
2020,48,1038215,e
2020,49,1138105,e
2020,50,1177845,e
2020,51,1261618,e
2020,52,1318051,e
2020,53,1348886,e
2020,54,1380824,e
2020,55,1381357,e
2020,56,1402572,e
2020,57,1385607,e
2020,58,1336643,e
2020,59,1311139,e
2020,60,1261935,e
2020,61,1220021,e
2020,62,1146667,e
2020,63,1113442,e
2020,64,1076072,e
2020,65,1035309,e
2020,66,1007452,e
2020,67,967555,e
2020,68,958288,e
2020,69,930500,e
2020,70,921770,e
2020,71,881247,e
2020,72,795008,e
2020,73,737688,e
2020,74,632357,e
2020,75,546752,e
2020,76,718997,e
2020,77,717058,e
2020,78,680345,e
2020,79,804876,e
2020,80,818459,e
2020,81,775452,e
2020,82,687458,e
2020,83,604464,e
2020,84,544669,e
2020,85,482570,e
2020,86,406395,e
2020,87,291450,e
2020,88,255545,e
2020,89,226281,e
2020,90,843691,e
2021,0,791254,e
2021,1,780795,e
2021,2,789145,e
2021,3,803334,e
2021,4,810805,e
2021,5,816142,e
2021,6,789397,e
2021,7,779278,e
2021,8,752469,e
2021,9,750855,e
2021,10,734666,e
2021,11,752600,e
2021,12,741247,e
2021,13,760080,e
2021,14,754868,e
2021,15,740018,e
2021,16,750057,e
2021,17,766249,e
2021,18,772950,e
2021,19,797706,e
2021,20,831435,e
2021,21,884287,e
2021,22,902991,e
2021,23,930132,e
2021,24,973682,e
2021,25,968595,e
2021,26,953757,e
2021,27,966208,e
2021,28,994633,e
2021,29,1009536,e
2021,30,1042411,e
2021,31,1134154,e
2021,32,1118705,e
2021,33,1141779,e
2021,34,1116555,e
2021,35,1094982,e
2021,36,1061333,e
2021,37,1053033,e
2021,38,1053223,e
2021,39,1072623,e
2021,40,1062573,e
2021,41,1066630,e
2021,42,1014635,e
2021,43,999583,e
2021,44,988878,e
2021,45,969960,e
2021,46,943804,e
2021,47,954234,e
2021,48,959948,e
2021,49,1036458,e
2021,50,1135710,e
2021,51,1174754,e
2021,52,1257877,e
2021,53,1313453,e
2021,54,1343318,e
2021,55,1374519,e
2021,56,1373938,e
2021,57,1394414,e
2021,58,1376677,e
2021,59,1327249,e
2021,60,1300524,e
2021,61,1250775,e
2021,62,1208290,e
2021,63,1134297,e
2021,64,1100158,e
2021,65,1061809,e
2021,66,1020393,e
2021,67,991948,e
2021,68,951916,e
2021,69,941864,e
2021,70,913046,e
2021,71,902997,e
2021,72,862165,e
2021,73,776134,e
2021,74,718950,e
2021,75,614207,e
2021,76,530053,e
2021,77,694896,e
2021,78,691201,e
2021,79,653265,e
2021,80,769265,e
2021,81,777644,e
2021,82,732760,e
2021,83,644569,e
2021,84,561973,e
2021,85,500633,e
2021,86,438006,e
2021,87,363439,e
2021,88,256307,e
2021,89,220616,e
2021,90,846443,e
2022,0,724711,e
2022,1,786020,e
2022,2,773830,e
2022,3,782423,e
2022,4,797764,e
2022,5,806985,e
2022,6,813028,e
2022,7,789459,e
2022,8,784585,e
2022,9,758158,e
2022,10,758910,e
2022,11,747682,e
2022,12,766458,e
2022,13,755318,e
2022,14,773637,e
2022,15,768874,e
2022,16,758538,e
2022,17,769569,e
2022,18,785932,e
2022,19,781687,e
2022,20,808872,e
2022,21,841475,e
2022,22,896256,e
2022,23,916419,e
2022,24,943851,e
2022,25,974583,e
2022,26,960813,e
2022,27,945076,e
2022,28,957050,e
2022,29,988725,e
2022,30,1008989,e
2022,31,1039191,e
2022,32,1132170,e
2022,33,1121071,e
2022,34,1148331,e
2022,35,1127210,e
2022,36,1110221,e
2022,37,1077830,e
2022,38,1071318,e
2022,39,1072332,e
2022,40,1089399,e
2022,41,1078198,e
2022,42,1080211,e
2022,43,1026834,e
2022,44,1009558,e
2022,45,996382,e
2022,46,974472,e
2022,47,946454,e
2022,48,956236,e
2022,49,959060,e
2022,50,1037811,e
2022,51,1142926,e
2022,52,1179605,e
2022,53,1260300,e
2022,54,1311421,e
2022,55,1336750,e
2022,56,1364843,e
2022,57,1359596,e
2022,58,1377425,e
2022,59,1357591,e
2022,60,1314013,e
2022,61,1291918,e
2022,62,1238058,e
2022,63,1194921,e
2022,64,1118964,e
2022,65,1088293,e
2022,66,1054196,e
2022,67,1010093,e
2022,68,980713,e
2022,69,937604,e
2022,70,925445,e
2022,71,896307,e
2022,72,882261,e
2022,73,839130,e
2022,74,752072,e
2022,75,693604,e
2022,76,590028,e
2022,77,506237,e
2022,78,660703,e
2022,79,652633,e
2022,80,613796,e
2022,81,719963,e
2022,82,722205,e
2022,83,675973,e
2022,84,589512,e
2022,85,508867,e
2022,86,447148,e
2022,87,384993,e
2022,88,314913,e
2022,89,217677,e
2022,90,825838,e
2023,0,689834,e
2023,1,739396,e
2023,2,793110,e
2023,3,780001,e
2023,4,789018,e
2023,5,803981,e
2023,6,811968,e
2023,7,819428,e
2023,8,796805,e
2023,9,791898,e
2023,10,765417,e
2023,11,766222,e
2023,12,754679,e
2023,13,773408,e
2023,14,762581,e
2023,15,782622,e
2023,16,781151,e
2023,17,772651,e
2023,18,792971,e
2023,19,816315,e
2023,20,813035,e
2023,21,837149,e
2023,22,870130,e
2023,23,928917,e
2023,24,946787,e
2023,25,973295,e
2023,26,1002587,e
2023,27,985655,e
2023,28,967455,e
2023,29,976773,e
2023,30,1005785,e
2023,31,1025104,e
2023,32,1053581,e
2023,33,1145120,e
2023,34,1133261,e
2023,35,1159672,e
2023,36,1137901,e
2023,37,1120036,e
2023,38,1087415,e
2023,39,1079970,e
2023,40,1079899,e
2023,41,1096264,e
2023,42,1084454,e
2023,43,1085776,e
2023,44,1031820,e
2023,45,1013824,e
2023,46,999462,e
2023,47,977295,e
2023,48,948564,e
2023,49,957877,e
2023,50,959577,e
2023,51,1037940,e
2023,52,1141829,e
2023,53,1177688,e
2023,54,1256958,e
2023,55,1307494,e
2023,56,1331523,e
2023,57,1358809,e
2023,58,1352516,e
2023,59,1369423,e
2023,60,1349445,e
2023,61,1304897,e
2023,62,1281497,e
2023,63,1226809,e
2023,64,1182724,e
2023,65,1106221,e
2023,66,1074054,e
2023,67,1039705,e
2023,68,995379,e
2023,69,965316,e
2023,70,921507,e
2023,71,908307,e
2023,72,878105,e
2023,73,862652,e
2023,74,818394,e
2023,75,732018,e
2023,76,673200,e
2023,77,570401,e
2023,78,487757,e
2023,79,634578,e
2023,80,623451,e
2023,81,583715,e
2023,82,681158,e
2023,83,678282,e
2023,84,630184,e
2023,85,543637,e
2023,86,464292,e
2023,87,401442,e
2023,88,340068,e
2023,89,273060,e
2023,90,821714,e
2024,0,673380,e
2024,1,700940,e
2024,2,744162,e
2024,3,797030,e
2024,4,783616,e
2024,5,792542,e
2024,6,806423,e
2024,7,816018,e
2024,8,824410,e
2024,9,802173,e
2024,10,797364,e
2024,11,771006,e
2024,12,771740,e
2024,13,760061,e
2024,14,779030,e
2024,15,769457,e
2024,16,792341,e
2024,17,793349,e
2024,18,792901,e
2024,19,817999,e
2024,20,843316,e
2024,21,834907,e
2024,22,857842,e
2024,23,893523,e
2024,24,952560,e
2024,25,968463,e
2024,26,994345,e
2024,27,1020294,e
2024,28,1001001,e
2024,29,980890,e
2024,30,988288,e
2024,31,1015189,e
2024,32,1033390,e
2024,33,1060509,e
2024,34,1151887,e
2024,35,1139320,e
2024,36,1165498,e
2024,37,1143025,e
2024,38,1124922,e
2024,39,1092066,e
2024,40,1083525,e
2024,41,1083458,e
2024,42,1099294,e
2024,43,1086742,e
2024,44,1088001,e
2024,45,1032845,e
2024,46,1014045,e
2024,47,999487,e
2024,48,976705,e
2024,49,947515,e
2024,50,956347,e
2024,51,957400,e
2024,52,1035320,e
2024,53,1138063,e
2024,54,1173661,e
2024,55,1251796,e
2024,56,1301334,e
2024,57,1324870,e
2024,58,1351436,e
2024,59,1344152,e
2024,60,1360738,e
2024,61,1339742,e
2024,62,1294344,e
2024,63,1269790,e
2024,64,1214279,e
2024,65,1169242,e
2024,66,1091834,e
2024,67,1059429,e
2024,68,1024594,e
2024,69,979854,e
2024,70,949236,e
2024,71,904559,e
2024,72,890040,e
2024,73,859165,e
2024,74,842694,e
2024,75,797432,e
2024,76,711029,e
2024,77,651950,e
2024,78,550371,e
2024,79,468806,e
2024,80,607141,e
2024,81,593775,e
2024,82,553001,e
2024,83,641590,e
2024,84,633529,e
2024,85,582919,e
2024,86,497275,e
2024,87,419573,e
2024,88,356617,e
2024,89,296480,e
2024,90,872939,e
